Id,Url,Desc
1,http://10.64.83.133/twjyh/app/#/app/studyClassInfo/559120/6884/%E7%A6%8F%E5%B7%9E%E8%AA%89%E6%BB%A1%E5%A0%82%E8%B4%B8%E6%98%93%E6%9C%89%E9%99%90%E5%85%AC%E5%8F%B8/fca6c41bfce6abd61542c9be3c1f986f,菁英汇（进阶班/研修班）
2,http://www.yanxiu.com,菁英汇-研修班
3,http://www.guanlijuejin.com,淘大线下-管理掘金
4,http://www.wanbao.com,淘大线上-玩爆运营
5,http://www.zhisou.com,特训营-直搜
6,http://www.zhizuan.com,特训营-直钻
7,http://www.kefu.com,特训营-客服
8,http://www.shijue.com,特训营-视觉
9,http://www.yunying.com,特训营-运营
10,http://www.yingxiaozhisheng.com,营销制胜
